product_id,product_name,product_url
44073693347893,ETA Yellow Solid Relaxed Fit Cotton Shirt,https://www.westside.com/products/eta-yellow-solid-relaxed-fit-cotton-shirt-300997852?variant=44073693347893
44127318114357,Nuon Charcoal Checkered Relaxed-Fit Cotton-Blend Shirt,https://www.westside.com/products/nuon-charcoal-checkered-relaxed-fit-cotton-blend-shirt-300996706?variant=44127318114357
44110137557045,Nuon Off-White Knit-Textured Relaxed-Fit Cotton Shirt,https://www.westside.com/products/nuon-off-white-knit-textured-relaxed-fit-cotton-shirt-300993902?variant=44110137557045
44127309266997,Nuon Black Checkered Relaxed-Fit Cotton Shirt,https://www.westside.com/products/nuon-black-checkered-relaxed-fit-cotton-shirt-300996701?variant=44127309266997
44178171822133,Nuon Black Checkered Relaxed-Fit Cotton Shirt,https://www.westside.com/products/nuon-black-checkered-relaxed-fit-cotton-shirt-301003691?variant=44178171822133
44127318278197,ETA White Floral Pattern Relaxed-Fit Cotton-Blend Shirt,https://www.westside.com/products/eta-white-floral-pattern-relaxed-fit-cotton-blend-shirt-300999254?variant=44127318278197
44127313199157,ETA White Floral Printed Relaxed-Fit Cotton-Blend Shirt,https://www.westside.com/products/eta-white-floral-printed-relaxed-fit-cotton-blend-shirt-300998701?variant=44127313199157
44127295209525,Nuon Black Knitted Relaxed-Fit Cotton Shirt,https://www.westside.com/products/nuon-black-knitted-relaxed-fit-cotton-shirt-300993902?variant=44127295209525
44127294193717,ETA Rust Floral Design Relaxed-Fit Cotton Shirt,https://www.westside.com/products/eta-rust-floral-design-relaxed-fit-cotton-shirt-300997090?variant=44127294193717
44130409152565,Nuon Brown Knit-Textured Relaxed-Fit Cotton Shirt,https://www.westside.com/products/nuon-brown-knit-textured-relaxed-fit-cotton-shirt-300996699?variant=44130409152565
44073693839413,ETA White Solid Relaxed Fit Cotton Shirt,https://www.westside.com/products/eta-white-solid-relaxed-fit-cotton-shirt-300997852?variant=44073693839413
44191131566133,ETA Brown Floral Embroidered Relaxed-Fit Cotton Shirt,https://www.westside.com/products/eta-brown-floral-embroidered-relaxed-fit-cotton-shirt-300998696?variant=44191131566133
44127307464757,ETA Yellow Floral Embroidered Relaxed-Fit Cotton Shirt,https://www.westside.com/products/eta-yellow-floral-embroidered-relaxed-fit-cotton-shirt-300998705?variant=44127307464757
44127293505589,ETA Off-White Striped Relaxed-Fit Cotton Shirt,https://www.westside.com/products/eta-off-white-striped-relaxed-fit-cotton-shirt-301001754?variant=44127293505589
44127314608181,ETA Olive Stripe Pattern Relaxed-Fit Cotton-Blend Shirt,https://www.westside.com/products/eta-olive-stripe-pattern-relaxed-fit-cotton-blend-shirt-300998709?variant=44127314608181
44127311495221,ETA Sage Stripe Printed Relaxed-Fit Cotton Shirt,https://www.westside.com/products/eta-sage-stripe-printed-relaxed-fit-cotton-shirt-300997089?variant=44127311495221
44130419146805,ETA Beige Floral Printed Relaxed-Fit Shirt,https://www.westside.com/products/eta-beige-floral-printed-relaxed-fit-shirt-300998700?variant=44130419146805
44177399087157,ETA Light Beige Floral Embroidered Relaxed-Fit Cotton Shirt,https://www.westside.com/products/eta-light-beige-floral-embroidered-relaxed-fit-cotton-shirt-300998696?variant=44177399087157
44127300157493,ETA Beige Crinkle-Textured Resort-Fit Cotton Shirt,https://www.westside.com/products/eta-beige-crinkle-textured-resort-fit-cotton-shirt-300997086?variant=44127300157493
44130415378485,ETA Beige Striped Relaxed Fit Cotton-Blend Shirt,https://www.westside.com/products/eta-beige-striped-relaxed-fit-cotton-blend-shirt-300998709?variant=44130415378485
44127302844469,Nuon Beige Knitted Relaxed-Fit Cotton Shirt,https://www.westside.com/products/nuon-beige-knitted-relaxed-fit-cotton-shirt-300993902?variant=44127302844469
44127305793589,Nuon Beige Knitted Relaxed-Fit Cotton Shirt,https://www.westside.com/products/nuon-beige-knitted-relaxed-fit-cotton-shirt-300996699?variant=44127305793589
44130294235189,ETA Orange Floral Embroidered Relaxed-Fit Cotton Shirt,https://www.westside.com/products/eta-orange-floral-embroidered-relaxed-fit-cotton-shirt-300998702?variant=44130294235189
44127300714549,ETA Olive Ribbed Textured Relaxed-Fit Cotton-Blend Shirt,https://www.westside.com/products/eta-olive-ribbed-textured-relaxed-fit-cotton-blend-shirt-300997089?variant=44127300714549
44130418196533,ETA Black Ribbed Relaxed Fit Cotton-Blend Shirt,https://www.westside.com/products/eta-black-ribbed-relaxed-fit-cotton-blend-shirt-300997089?variant=44130418196533
44127301337141,ETA Black Striped Relaxed-Fit Cotton-Blend Shirt,https://www.westside.com/products/eta-black-striped-relaxed-fit-cotton-blend-shirt-300998709?variant=44127301337141
44189581312053,Nuon Beige Checks Design Relaxed-Fit Cotton Shirt,https://www.westside.com/products/nuon-beige-checks-design-relaxed-fit-cotton-shirt-301003694?variant=44189581312053
44127293014069,ETA Beige Striped Resort-Fit Cotton Shirt,https://www.westside.com/products/eta-beige-striped-resort-fit-cotton-shirt-300999244?variant=44127293014069
44127315099701,Nuon Charcoal Checkered Relaxed-Fit Cotton-Blend Shirt,https://www.westside.com/products/nuon-charcoal-checkered-relaxed-fit-cotton-blend-shirt-300996705?variant=44127315099701
44128464502837,ETA Off-White Stripe Printed Relaxed-Fit Shirt,https://www.westside.com/products/eta-off-white-stripe-printed-relaxed-fit-shirt-301000518?variant=44128464502837
44127314935861,ETA Rust Solid Relaxed-Fit Cotton Shirt,https://www.westside.com/products/eta-rust-solid-relaxed-fit-cotton-shirt-300998695?variant=44127314935861
44178172411957,Nuon Multicolour Checks Printed Relaxed-Fit Cotton Shirt,https://www.westside.com/products/nuon-multicolour-checks-printed-relaxed-fit-cotton-shirt-301003693?variant=44178172411957
44404892729397,WES Casuals Off-White Solid Relaxed-Fit Shirt,https://www.westside.com/products/wes-casuals-off-white-solid-relaxed-fit-shirt-301008432?variant=44404892729397
44404878540853,WES Casuals Off-White Striped Relaxed-Fit Cotton-Blend Shirt,https://www.westside.com/products/wes-casuals-off-white-striped-relaxed-fit-cotton-blend-shirt-301013267?variant=44404878540853
44404880769077,WES Casuals Light Pink Striped Relaxed-Fit Cotton-Blend Shirt,https://www.westside.com/products/wes-casuals-light-pink-striped-relaxed-fit-cotton-blend-shirt-301013297?variant=44404880769077
44404881129525,WES Casuals Sage Striped Relaxed-Fit Shirt,https://www.westside.com/products/wes-casuals-sage-striped-relaxed-fit-shirt-301013271?variant=44404881129525
44404874543157,ETA Yellow Knit-Textured Relaxed-Fit Cotton Shirt,https://www.westside.com/products/eta-yellow-knit-textured-relaxed-fit-cotton-shirt-301012577?variant=44404874543157
44397776994357,ETA Black Self-Designed Relaxed-Fit Cotton Shirt,https://www.westside.com/products/eta-black-self-designed-relaxed-fit-cotton-shirt-301018580?variant=44397776994357
44397949321269,ETA Off-White Crochet-Detailed Relaxed-Fit Cotton Shirt,https://www.westside.com/products/eta-off-white-crochet-detailed-relaxed-fit-cotton-shirt-301012583?variant=44397949321269
44178172248117,Nuon Black Checks Design Relaxed-Fit Cotton Shirt,https://www.westside.com/products/nuon-black-checks-design-relaxed-fit-cotton-shirt-301003695?variant=44178172248117
44073693642805,ETA Green Solid Relaxed Fit Cotton Shirt,https://www.westside.com/products/eta-green-solid-relaxed-fit-cotton-shirt-300997852?variant=44073693642805
44381925277749,ETA Maroon Crochet-Detailed Relaxed-Fit Shirt,https://www.westside.com/products/eta-maroon-crochet-detailed-relaxed-fit-shirt-301009850?variant=44381925277749
44394232807477,ETA Off-White Knit-Textured Relaxed-Fit Cotton Shirt,https://www.westside.com/products/eta-off-white-knit-textured-relaxed-fit-cotton-shirt-301012582?variant=44394232807477
44394235985973,WES Casuals Pink Solid Relaxed-Fit Cotton Shirt,https://www.westside.com/products/wes-casuals-pink-solid-relaxed-fit-cotton-shirt-301013000?variant=44394235985973
44394236706869,Nuon Black Abstract Pattern Relaxed-Fit Shirt,https://www.westside.com/products/nuon-black-abstract-pattern-relaxed-fit-shirt-301013024?variant=44394236706869
44394237558837,ETA Sage Floral Detailed Relaxed-Fit Crochet Shirt,https://www.westside.com/products/eta-sage-floral-detailed-relaxed-fit-crochet-shirt-301012584?variant=44394237558837
44394238148661,ETA Yellow Floral Embroidered Relaxed-Fit Cotton Shirt,https://www.westside.com/products/eta-yellow-floral-embroidered-relaxed-fit-cotton-shirt-301013013?variant=44394238148661
44394238804021,WES Casuals White Checks Relaxed-Fit Cotton-Blend Shirt,https://www.westside.com/products/wes-casuals-white-checks-relaxed-fit-cotton-blend-shirt-301013283?variant=44394238804021
44384221429813,WES Casuals Dark Olive Relaxed-Fit Cotton Shirt,https://www.westside.com/products/wes-casuals-dark-olive-relaxed-fit-cotton-shirt-301013273?variant=44384221429813
44384221626421,WES Casuals Black Seersucker Striped Slim-Fit Cotton Shirt,https://www.westside.com/products/wes-casuals-black-seersucker-striped-slim-fit-cotton-shirt-301018308?variant=44384221626421
44384223199285,WES Casuals Charcoal Relaxed-Fit Cotton Shirt,https://www.westside.com/products/wes-casuals-charcoal-relaxed-fit-cotton-shirt-301013273?variant=44384223199285
44384223723573,WES Casuals Brown Seersucker Striped Slim-Fit Cotton Shirt,https://www.westside.com/products/wes-casuals-brown-seersucker-striped-slim-fit-cotton-shirt-301018309?variant=44384223723573
44384226705461,WES Casuals Orange Relaxed-Fit Cotton-Blend Shirt,https://www.westside.com/products/wes-casuals-orange-relaxed-fit-cotton-blend-shirt-301013299?variant=44384226705461
44395697209397,ETA Dark Sage Crochet-Knitted Relaxed-Fit Shirt,https://www.westside.com/products/eta-dark-sage-crochet-knitted-relaxed-fit-shirt-301012585?variant=44395697209397
44381920329781,ETA White Self-Textured Relaxed-Fit Cotton-Blend Shirt,https://www.westside.com/products/eta-white-self-textured-relaxed-fit-cotton-blend-shirt-301009854?variant=44381920329781
44383594119221,ETA Taupe Solid Relaxed-Fit Shirt,https://www.westside.com/products/eta-taupe-solid-relaxed-fit-shirt-301012565?variant=44383594119221
44383594840117,ETA Light Grey Chevron Pattern Relaxed-Fit Cotton Shirt,https://www.westside.com/products/eta-light-grey-chevron-pattern-relaxed-fit-cotton-shirt-301013012?variant=44383594840117
44383596249141,Nuon Green Abstract Design Relaxed-Fit Shirt,https://www.westside.com/products/nuon-green-abstract-design-relaxed-fit-shirt-301012591?variant=44383596249141
44394225631285,Nuon White Abstract Design Relaxed-Fit Cotton Shirt,https://www.westside.com/products/nuon-white-abstract-design-relaxed-fit-cotton-shirt-301010992?variant=44394225631285
44394231627829,ETA Brown Crinkle-Textured Relaxed-Fit Cotton Shirt,https://www.westside.com/products/eta-brown-crinkle-textured-relaxed-fit-cotton-shirt-301012825?variant=44394231627829
44395690655797,Nuon White Abstract Printed Relaxed-Fit Cotton Shirt,https://www.westside.com/products/nuon-white-abstract-printed-relaxed-fit-cotton-shirt-301013312?variant=44395690655797
44395691737141,Nuon Black Checkered Design Relaxed-Fit Cotton-Blend Shirt,https://www.westside.com/products/nuon-black-checkered-design-relaxed-fit-cotton-blend-shirt-301013023?variant=44395691737141
44395694227509,Nuon Green Nature-Inspired Relaxed-Fit Shirt,https://www.westside.com/products/nuon-green-nature-inspired-relaxed-fit-shirt-301010207?variant=44395694227509
44406223339573,Nuon Mint Tie-Dye Printed Relaxed-Fit Shirt,https://www.westside.com/products/nuon-mint-tie-dye-printed-relaxed-fit-shirt-301012304?variant=44406223339573
44406223896629,Nuon Ivory Cherry Printed Relaxed-Fit Shirt,https://www.westside.com/products/nuon-ivory-cherry-printed-relaxed-fit-shirt-301012294?variant=44406223896629
44406225633333,ETA Brown Stripe Printed Relaxed-Fit Cotton Shirt,https://www.westside.com/products/eta-brown-stripe-printed-relaxed-fit-cotton-shirt-301015336?variant=44406225633333
44397771325493,WES Casuals Navy Relaxed-Fit Shirt,https://www.westside.com/products/wes-casuals-navy-relaxed-fit-shirt-301008431?variant=44397771325493
44380875489333,Nuon Black Star Printed Relaxed-Fit Cotton Shirt,https://www.westside.com/products/nuon-black-star-printed-relaxed-fit-cotton-shirt-301012297?variant=44380875489333
44380875325493,Nuon White Abstract Print Relaxed-Fit Shirt,https://www.westside.com/products/nuon-white-abstract-print-relaxed-fit-shirt-301010205?variant=44380875325493
44380877160501,ETA Burnt Rust Knit-Textured Relaxed-Fit Cotton Shirt,https://www.westside.com/products/eta-burnt-rust-knit-textured-relaxed-fit-cotton-shirt-301012571?variant=44380877160501
44380878012469,WES Casuals White Checkered Relaxed-Fit Cotton-Blend Shirt,https://www.westside.com/products/wes-casuals-white-checkered-relaxed-fit-cotton-blend-shirt-301013284?variant=44380878012469
44380878536757,ETA Off-White Textured Relaxed-Fit Cotton Shirt,https://www.westside.com/products/eta-off-white-textured-relaxed-fit-cotton-shirt-301012571?variant=44380878536757
44380879159349,WES Casuals Multicolour Relaxed-Fit Cotton-Blend Shirt,https://www.westside.com/products/wes-casuals-multicolour-relaxed-fit-cotton-blend-shirt-301013296?variant=44380879159349
44380879290421,ETA White Chevron Pattern Relaxed-Fit Cotton Shirt,https://www.westside.com/products/eta-white-chevron-pattern-relaxed-fit-cotton-shirt-301013012?variant=44380879290421
44380880633909,Nuon Off-White Crochet-Detailed Relaxed-Fit Shirt,https://www.westside.com/products/nuon-off-white-crochet-detailed-relaxed-fit-shirt-301013307?variant=44380880633909
44404894597173,WES Casuals Mustard Floral Relaxed-Fit Cotton-Blend Shirt,https://www.westside.com/products/wes-casuals-mustard-floral-relaxed-fit-cotton-blend-shirt-301015811?variant=44404894597173
44404895088693,WES Casuals Sage Striped Relaxed-Fit Cotton-Blend Shirt,https://www.westside.com/products/wes-casuals-sage-striped-relaxed-fit-cotton-blend-shirt-301013266?variant=44404895088693
44404895776821,WES Casuals Dusty Pink Relaxed-Fit Cotton-Blend Shirt,https://www.westside.com/products/wes-casuals-dusty-pink-relaxed-fit-cotton-blend-shirt-301013001?variant=44404895776821
44404896137269,WES Casuals Grey Solid Relaxed-Fit Shirt,https://www.westside.com/products/wes-casuals-grey-solid-relaxed-fit-shirt-301008431?variant=44404896137269
44404896989237,WES Casuals Dark Sage Relaxed-Fit Cotton-Blend Shirt,https://www.westside.com/products/wes-casuals-dark-sage-relaxed-fit-cotton-blend-shirt-301013001?variant=44404896989237
44404897742901,WES Casuals Mustard Floral Design Relaxed-Fit Cotton Shirt,https://www.westside.com/products/wes-casuals-mustard-floral-design-relaxed-fit-cotton-shirt-301015785?variant=44404897742901
44404898562101,WES Casuals Lilac Striped Relaxed-Fit Cotton-Blend Shirt,https://www.westside.com/products/wes-casuals-lilac-striped-relaxed-fit-cotton-blend-shirt-301013289?variant=44404898562101
44151739285557,Nuon Multicolour Abstract Printed Relaxed-Fit Cotton Shirt,https://www.westside.com/products/nuon-multicolour-abstract-printed-relaxed-fit-cotton-shirt-300996712?variant=44151739285557
44128458670133,WES Casuals Dark Green Checkered Relaxed-Fit Cotton Shirt,https://www.westside.com/products/wes-casuals-dark-green-checkered-relaxed-fit-cotton-shirt-300998054?variant=44128458670133
44127293308981,WES Casuals Grey Checkered Relaxed-Fit Cotton-Blend Shirt,https://www.westside.com/products/wes-casuals-grey-checkered-relaxed-fit-cotton-blend-shirt-300998064?variant=44127293308981
44396080070709,Ascot White Checkered Relaxed-Fit Shirt,https://www.westside.com/products/ascot-white-checkered-relaxed-fit-shirt-301012994?variant=44396080070709
44127293669429,WES Casuals Brown Checks Design Relaxed-Fit Cotton Shirt,https://www.westside.com/products/wes-casuals-brown-checks-design-relaxed-fit-cotton-shirt-300998076?variant=44127293669429
44128470990901,WES Casuals Brown Checkered Relaxed-Fit Cotton Shirt,https://www.westside.com/products/wes-casuals-brown-checkered-relaxed-fit-cotton-shirt-300998065?variant=44128470990901
44151743381557,WES Casuals Brown Checkered Relaxed-Fit Cotton Shirt,https://www.westside.com/products/wes-casuals-brown-checkered-relaxed-fit-cotton-shirt-300998072?variant=44151743381557
44151738630197,WES Casuals Sage Relaxed-Fit Corduroy Cotton Shirt,https://www.westside.com/products/wes-casuals-sage-relaxed-fit-corduroy-cotton-shirt-300998060?variant=44151738630197
44127311200309,WES Casuals Navy Checkered Relaxed-Fit Cotton Shirt,https://www.westside.com/products/wes-casuals-navy-checkered-relaxed-fit-cotton-shirt-300998067?variant=44127311200309
44151739973685,WES Casuals Navy Relaxed-Fit Cotton Shirt,https://www.westside.com/products/wes-casuals-navy-relaxed-fit-cotton-shirt-300997062?variant=44151739973685
44127317098549,WES Casuals Brown Checkered Relaxed-Fit Cotton-Blend Shirt,https://www.westside.com/products/wes-casuals-brown-checkered-relaxed-fit-cotton-blend-shirt-300998059?variant=44127317098549
44177402855477,WES Casuals Navy Relaxed-Fit Cotton Shirt,https://www.westside.com/products/wes-casuals-navy-relaxed-fit-cotton-shirt-301000325?variant=44177402855477
44127294718005,WES Casuals Dusty Pink Striped Relaxed-Fit Cotton Shirt,https://www.westside.com/products/wes-casuals-dusty-pink-striped-relaxed-fit-cotton-shirt-300998062?variant=44127294718005
44127312740405,WES Casuals Olive Striped Relaxed-Fit Cotton-Blend Shirt,https://www.westside.com/products/wes-casuals-olive-striped-relaxed-fit-cotton-blend-shirt-300997046?variant=44127312740405
44189597761589,WES Casuals Multicolour Checkered Relaxed-Fit Cotton Shirt,https://www.westside.com/products/wes-casuals-multicolour-checkered-relaxed-fit-cotton-shirt-301004566?variant=44189597761589
44128462766133,WES Casuals Navy Checks Printed Relaxed-Fit Cotton Shirt,https://www.westside.com/products/wes-casuals-navy-checks-printed-relaxed-fit-cotton-shirt-300998074?variant=44128462766133
44151730569269,WES Casuals Black Checkered Relaxed-Fit Cotton-Blend Shirt,https://www.westside.com/products/wes-casuals-black-checkered-relaxed-fit-cotton-blend-shirt-300998069?variant=44151730569269
44151743086645,WES Casuals Tan Relaxed-Fit Corduroy Cotton Shirt,https://www.westside.com/products/wes-casuals-tan-relaxed-fit-corduroy-cotton-shirt-300997061?variant=44151743086645
44177399611445,WES Casuals Brown Relaxed-Fit Cotton Shirt,https://www.westside.com/products/wes-casuals-brown-relaxed-fit-cotton-shirt-300999239?variant=44177399611445
44370088362037,ETA Off-White Striped Resort-Fit Cotton Shirt,https://www.westside.com/products/eta-off-white-striped-resort-fit-cotton-shirt-301012569?variant=44370088362037
44178169790517,Nuon Yellow Abstract Printed Relaxed-Fit Cotton-Blend Shirt,https://www.westside.com/products/nuon-yellow-abstract-printed-relaxed-fit-cotton-blend-shirt-301005573?variant=44178169790517
44383592218677,ETA Off-White Self-Striped Relaxed-Fit Cotton-Blend Shirt,https://www.westside.com/products/eta-off-white-self-striped-relaxed-fit-cotton-blend-shirt-301009854?variant=44383592218677
44178164318261,Nuon Black Abstract Design Relaxed-Fit Cotton-Blend Shirt,https://www.westside.com/products/nuon-black-abstract-design-relaxed-fit-cotton-blend-shirt-301006255?variant=44178164318261
44177398399029,WES Casuals Beige Relaxed-Fit Cotton Shirt,https://www.westside.com/products/wes-casuals-beige-relaxed-fit-cotton-shirt-300998077?variant=44177398399029
44315263926325,ETA Beige Knit-Textured Relaxed-Fit Cotton Shirt,https://www.westside.com/products/eta-beige-knit-textured-relaxed-fit-cotton-shirt-301009853?variant=44315263926325
44127315656757,WES Casuals Brown Tartan Pattern Relaxed-Fit Cotton Shirt,https://www.westside.com/products/wes-casuals-brown-tartan-pattern-relaxed-fit-cotton-shirt-300998067?variant=44127315656757
44368733405237,ETA Beige Knit-Textured Resort-Fit Cotton Shirt,https://www.westside.com/products/eta-beige-knit-textured-resort-fit-cotton-shirt-301012568?variant=44368733405237
44368735535157,ETA Lilac Relaxed-Fit Shirt,https://www.westside.com/products/eta-lilac-relaxed-fit-shirt-301012565?variant=44368735535157
44127296127029,ETA Black Crinkle Textured Resort-Fit Cotton Shirt,https://www.westside.com/products/eta-black-crinkle-textured-resort-fit-cotton-shirt-300999245?variant=44127296127029
44127307628597,ETA Sage Floral Design Relaxed-Fit Cotton-Blend Shirt,https://www.westside.com/products/eta-sage-floral-design-relaxed-fit-cotton-blend-shirt-300999253?variant=44127307628597
44130409611317,Nuon Grey Checks Design Relaxed-Fit Cotton-Blend Shirt,https://www.westside.com/products/nuon-grey-checks-design-relaxed-fit-cotton-blend-shirt-300996703?variant=44130409611317
44293320081461,ETA Black Checkered Relaxed-Fit Cotton Shirt,https://www.westside.com/products/eta-black-checkered-relaxed-fit-cotton-shirt-301007319?variant=44293320081461
44293321982005,ETA Brown Checkered Relaxed-Fit Cotton Shirt,https://www.westside.com/products/eta-brown-checkered-relaxed-fit-cotton-shirt-301007319?variant=44293321982005
44177409343541,WES Casuals Charcoal Relaxed-Fit Cotton Shirt,https://www.westside.com/products/wes-casuals-charcoal-relaxed-fit-cotton-shirt-300998077?variant=44177409343541
44404880408629,WES Casuals White Checkered Relaxed-Fit Cotton-Blend Shirt,https://www.westside.com/products/wes-casuals-white-checkered-relaxed-fit-cotton-blend-shirt-301013262?variant=44404880408629
44383588810805,ETA White Sun Embroidered Relaxed-Fit Cotton Shirt,https://www.westside.com/products/eta-white-sun-embroidered-relaxed-fit-cotton-shirt-301010823?variant=44383588810805
44338977538101,WES Casuals Lilac Solid Relaxed-Fit Cotton Shirt,https://www.westside.com/products/wes-casuals-lilac-solid-relaxed-fit-cotton-shirt-301010197?variant=44338977538101
44312458100789,Nuon Off-White Printed Relaxed-Fit Cotton-Blend Shirt,https://www.westside.com/products/nuon-off-white-printed-relaxed-fit-cotton-blend-shirt-301010206?variant=44312458100789
44312453185589,Ascot Sage Solid Relaxed-Fit Shirt,https://www.westside.com/products/ascot-sage-solid-relaxed-fit-shirt-301008526?variant=44312453185589
44312452038709,WES Casuals Sage Striped Relaxed-Fit Cotton-Blend Shirt,https://www.westside.com/products/wes-casuals-sage-striped-relaxed-fit-cotton-blend-shirt-301008416?variant=44312452038709
44312450891829,Ascot Sage Stripe Printed Relaxed-Fit Shirt,https://www.westside.com/products/ascot-sage-stripe-printed-relaxed-fit-shirt-301008404?variant=44312450891829
44296983019573,WES Casuals White Self-Striped Relaxed-Fit Cotton Shirt,https://www.westside.com/products/wes-casuals-white-self-striped-relaxed-fit-cotton-shirt-301008417?variant=44296983019573
44296982200373,WES Casuals Sage Self-Striped Relaxed-Fit Cotton Shirt,https://www.westside.com/products/wes-casuals-sage-self-striped-relaxed-fit-cotton-shirt-301008417?variant=44296982200373
44296981119029,WES Casuals White Relaxed-Fit Cotton-Blend Shirt,https://www.westside.com/products/wes-casuals-white-relaxed-fit-cotton-blend-shirt-301007949?variant=44296981119029
44296980103221,WES Casuals White Solid Relaxed-Fit Cotton Shirt,https://www.westside.com/products/wes-casuals-white-solid-relaxed-fit-cotton-shirt-301005254?variant=44296980103221
44293324177461,WES Casuals White Striped Relaxed-Fit Cotton Shirt,https://www.westside.com/products/wes-casuals-white-striped-relaxed-fit-cotton-shirt-301008425?variant=44293324177461
44322078195765,Ascot White Striped Relaxed-Fit Shirt,https://www.westside.com/products/ascot-white-striped-relaxed-fit-shirt-301009519?variant=44322078195765
44317288988725,Ascot Olive Relaxed-Fit Linen-Blend Shirt,https://www.westside.com/products/ascot-olive-relaxed-fit-linen-blend-shirt-301008525?variant=44317288988725
44317287940149,WES Casuals White Checks Relaxed-Fit Cotton-Blend Shirt,https://www.westside.com/products/wes-casuals-white-checks-relaxed-fit-cotton-blend-shirt-301008414?variant=44317287940149
44239567847477,ETA Off-White Textured Relaxed-Fit Cotton Shirt,https://www.westside.com/products/eta-off-white-textured-relaxed-fit-cotton-shirt-301005263?variant=44239567847477
44226709291061,Nuon Sage Waffle-Textured Relaxed-Fit Cotton Shirt,https://www.westside.com/products/nuon-sage-waffle-textured-relaxed-fit-cotton-shirt-301005922?variant=44226709291061
44226707390517,ETA Off-White Resort-Fit Cotton Shirt,https://www.westside.com/products/eta-off-white-resort-fit-cotton-shirt-301007315?variant=44226707390517
44226707554357,Nuon Off-White Abstract Printed Relaxed-Fit Shirt,https://www.westside.com/products/nuon-off-white-abstract-printed-relaxed-fit-shirt-301005921?variant=44226707554357
44225957134389,Ascot White Self-Striped Relaxed-Fit Cotton Shirt,https://www.westside.com/products/ascot-white-self-striped-relaxed-fit-cotton-shirt-301008250?variant=44225957134389
44221038919733,WES Casuals Olive Checks Design Relaxed-Fit Cotton Shirt,https://www.westside.com/products/wes-casuals-olive-checks-design-relaxed-fit-cotton-shirt-301008430?variant=44221038919733
44221034758197,ETA Off-White Textured Stripe Relaxed-Fit Cotton Shirt,https://www.westside.com/products/eta-off-white-textured-stripe-relaxed-fit-cotton-shirt-301005264?variant=44221034758197
44217826213941,Nuon White Checkered Relaxed-Fit Cotton Shirt,https://www.westside.com/products/nuon-white-checkered-relaxed-fit-cotton-shirt-301004943?variant=44217826213941
44217817694261,Nuon White Abstract Design Relaxed-Fit Shirt,https://www.westside.com/products/nuon-white-abstract-design-relaxed-fit-shirt-300990677?variant=44217817694261
44239813509173,Ascot Navy Blue Patterned Relaxed-Fit Linen-Blend Shirt,https://www.westside.com/products/ascot-navy-blue-patterned-relaxed-fit-linen-blend-shirt-301005905?variant=44239813509173
44179701268533,Ascot Wine Solid Relaxed-Fit Shirt,https://www.westside.com/products/ascot-wine-solid-relaxed-fit-shirt-300999738?variant=44179701268533
44336326639669,WES Casuals Sage Relaxed-Fit Cotton-Blend Shirt,https://www.westside.com/products/wes-casuals-sage-relaxed-fit-cotton-blend-shirt-301008422?variant=44336326639669
44338976423989,WES Casuals Off-White Solid Relaxed-Fit Cotton Shirt,https://www.westside.com/products/wes-casuals-off-white-solid-relaxed-fit-cotton-shirt-301010197?variant=44338976423989
44338978979893,Ascot Off-White Botanical Design Relaxed-Fit Shirt,https://www.westside.com/products/ascot-off-white-botanical-design-relaxed-fit-shirt-301005776?variant=44338978979893
44197663080501,Nuon White Abstract Design Relaxed-Fit Shirt,https://www.westside.com/products/nuon-white-abstract-design-relaxed-fit-shirt-301004938?variant=44197663080501
44189586358325,Ascot Off-White Striped Relaxed-Fit Cotton Shirt,https://www.westside.com/products/ascot-off-white-striped-relaxed-fit-cotton-shirt-301004422?variant=44189586358325
44177401872437,WES Casuals Olive Relaxed-Fit Cotton Shirt,https://www.westside.com/products/wes-casuals-olive-relaxed-fit-cotton-shirt-300998077?variant=44177401872437
44177398038581,ETA Off-White Crochet-Detailed Relaxed-Fit Cotton Shirt,https://www.westside.com/products/eta-off-white-crochet-detailed-relaxed-fit-cotton-shirt-300998703?variant=44177398038581
44177389912117,Nuon White Crochet Detailed Relaxed-Fit Shirt,https://www.westside.com/products/nuon-white-crochet-detailed-relaxed-fit-shirt-300991741?variant=44177389912117
44167385284661,ETA Off-White Embroidered Relaxed-Fit Cotton-Blend Shirt,https://www.westside.com/products/eta-off-white-embroidered-relaxed-fit-cotton-blend-shirt-301001753?variant=44167385284661
44167384170549,Ascot Wine Knit-Textured Relaxed-Fit Cotton-Blend Shirt,https://www.westside.com/products/ascot-wine-knit-textured-relaxed-fit-cotton-blend-shirt-300999739?variant=44167384170549
44178151833653,ETA Olive Knitted Relaxed-Fit Cotton-Blend Shirt,https://www.westside.com/products/eta-olive-knitted-relaxed-fit-cotton-blend-shirt-300997088?variant=44178151833653
44177412227125,WES Casuals Wine Relaxed-Fit Cotton Shirt,https://www.westside.com/products/wes-casuals-wine-relaxed-fit-cotton-shirt-300999238?variant=44177412227125
44177405706293,WES Casuals Dark Green Relaxed-Fit Cotton Shirt,https://www.westside.com/products/wes-casuals-dark-green-relaxed-fit-cotton-shirt-300999239?variant=44177405706293
44178164154421,Ascot Off-White Pinstriped Relaxed-Fit Shirt,https://www.westside.com/products/ascot-off-white-pinstriped-relaxed-fit-shirt-301001791?variant=44178164154421
44242640142389,Nuon Mauve Abstract Print Relaxed-Fit Textured Cotton-Blend Shirt,https://www.westside.com/products/nuon-mauve-abstract-print-relaxed-fit-textured-cotton-blend-shirt-301004942?variant=44242640142389
44239830024245,Nuon Off-White Floral Embroidered Relaxed-Fit Cotton-Blend Shirt,https://www.westside.com/products/nuon-off-white-floral-embroidered-relaxed-fit-cotton-blend-shirt-301004930?variant=44239830024245
44336322248757,ETA Off-White Crochet Embroidered Relaxed-Fit Shirt,https://www.westside.com/products/eta-off-white-crochet-embroidered-relaxed-fit-shirt-301003687?variant=44336322248757
44281225510965,WES Casuals White Relaxed-Fit Linen-Blend Shirt,https://www.westside.com/products/wes-casuals-white-relaxed-fit-linen-blend-shirt-301007951?variant=44281225510965
44239562342453,WES Casuals Sage Solid Relaxed-Fit Cotton-Blend Shirt,https://www.westside.com/products/wes-casuals-sage-solid-relaxed-fit-cotton-blend-shirt-301007952?variant=44239562342453
44242634113077,Ascot White Relaxed-Fit Linen Shirt,https://www.westside.com/products/ascot-white-relaxed-fit-linen-shirt-301005849?variant=44242634113077
44336323657781,Nuon Yellow Crinkle-Textured Relaxed-Fit Shirt,https://www.westside.com/products/nuon-yellow-crinkle-textured-relaxed-fit-shirt-301008177?variant=44336323657781
44336341352501,Nuon Black Abstract Design Textured Relaxed-Fit Shirt,https://www.westside.com/products/nuon-black-abstract-design-textured-relaxed-fit-shirt-301012475?variant=44336341352501
44317292462133,Ascot Beige Striped Relaxed-Fit Shirt,https://www.westside.com/products/ascot-beige-striped-relaxed-fit-shirt-301008405?variant=44317292462133
44293438701621,Nuon Brown Abstract Printed Relaxed-Fit Shirt,https://www.westside.com/products/nuon-brown-abstract-printed-relaxed-fit-shirt-301005917?variant=44293438701621
44293322014773,WES Casuals Brown Relaxed-Fit Linen-Blend Shirt,https://www.westside.com/products/wes-casuals-brown-relaxed-fit-linen-blend-shirt-301007953?variant=44293322014773
44360027537461,WES Casuals Sage Checks Printed Relaxed-Fit Cotton Shirt,https://www.westside.com/products/wes-casuals-sage-checks-printed-relaxed-fit-cotton-shirt-301008655?variant=44360027537461
44394244374581,WES Casuals Taupe Striped Relaxed-Fit Cotton-Blend Shirt,https://www.westside.com/products/wes-casuals-taupe-striped-relaxed-fit-cotton-blend-shirt-301013268?variant=44394244374581
44345595035701,WES Casuals Taupe Solid Relaxed-Fit Shirt,https://www.westside.com/products/wes-casuals-taupe-solid-relaxed-fit-shirt-301008418?variant=44345595035701
44338976817205,WES Casuals Grey Solid Relaxed-Fit Cotton Shirt,https://www.westside.com/products/wes-casuals-grey-solid-relaxed-fit-cotton-shirt-301010197?variant=44338976817205
44338974457909,WES Casuals Beige Striped Relaxed-Fit Cotton-Blend Shirt,https://www.westside.com/products/wes-casuals-beige-striped-relaxed-fit-cotton-blend-shirt-301008423?variant=44338974457909
44338978652213,Ascot Beige Geometric Pattern Relaxed-Fit Shirt,https://www.westside.com/products/ascot-beige-geometric-pattern-relaxed-fit-shirt-301009515?variant=44338978652213
44347988344885,Ascot Mustard Relaxed-Fit Cotton Shirt,https://www.westside.com/products/ascot-mustard-relaxed-fit-cotton-shirt-301009512?variant=44347988344885
44347990245429,Ascot Brown Relaxed-Fit Cotton Shirt,https://www.westside.com/products/ascot-brown-relaxed-fit-cotton-shirt-301009512?variant=44347990245429
32887362748469,Nuon White Pure Cotton Slim Fit Shirt,https://www.westside.com/products/nuon-white-pure-cotton-slim-fit-shirt-300842654?variant=32887362748469
40459595251765,WES Casuals Mauve Cotton Relaxed-Fit Shirt,https://www.westside.com/products/wes-casuals-mauve-cotton-relaxed-fit-shirt-300882811?variant=40459595251765
44155754184757,ETA Off-White Embroidered Relaxed-Fit Cotton-Blend Shirt,https://www.westside.com/products/eta-off-white-embroidered-relaxed-fit-cotton-blend-shirt-300997091?variant=44155754184757
44345605881909,ETA Rust Crinkle Textured Relaxed-Fit Cotton Shirt,https://www.westside.com/products/eta-rust-crinkle-textured-relaxed-fit-cotton-shirt-301009851?variant=44345605881909
44239560343605,Nuon Dusty Pink Checkered Relaxed-Fit Cotton Shirt,https://www.westside.com/products/nuon-dusty-pink-checkered-relaxed-fit-cotton-shirt-301004936?variant=44239560343605
44221037903925,WES Casuals Multicolour Striped Relaxed-Fit Cotton Shirt,https://www.westside.com/products/wes-casuals-multicolour-striped-relaxed-fit-cotton-shirt-301005251?variant=44221037903925
44222811504693,ETA Beige Stripe Printed Relaxed-Fit Cotton Shirt,https://www.westside.com/products/eta-beige-stripe-printed-relaxed-fit-cotton-shirt-301007316?variant=44222811504693
44222809342005,ETA Beige Self-Patterned Knitted Relaxed-Fit Cotton Shirt,https://www.westside.com/products/eta-beige-self-patterned-knitted-relaxed-fit-cotton-shirt-301007317?variant=44222809342005
44242641289269,Nuon Beige Checks Design Relaxed-Fit Cotton Shirt,https://www.westside.com/products/nuon-beige-checks-design-relaxed-fit-cotton-shirt-301005574?variant=44242641289269
44031313150005,ETA Taupe Cut-Out Detailed Relaxed Fit Cotton-Blend Shirt,https://www.westside.com/products/eta-taupe-cut-out-detailed-relaxed-fit-cotton-blend-shirt-300990297?variant=44031313150005
44110148337717,WES Casuals Dark Green Plaid Print Relaxed-Fit Cotton Shirt,https://www.westside.com/products/wes-casuals-dark-green-plaid-print-relaxed-fit-cotton-shirt-300998073?variant=44110148337717
44167388823605,Nuon Brown Solid Relaxed-Fit Cotton Shirt,https://www.westside.com/products/nuon-brown-solid-relaxed-fit-cotton-shirt-300996696?variant=44167388823605
44360476262453,WES Casuals Taupe Solid Relaxed-Fit Cotton Shirt,https://www.westside.com/products/wes-casuals-taupe-solid-relaxed-fit-cotton-shirt-301008419?variant=44360476262453
44312459444277,Nuon Taupe Solid Slim-Fit Cotton-Blend Shirt,https://www.westside.com/products/nuon-taupe-solid-slim-fit-cotton-blend-shirt-301014189?variant=44312459444277
44239832383541,Nuon Dark Grey Checks Printed Relaxed-Fit Cotton Shirt,https://www.westside.com/products/nuon-dark-grey-checks-printed-relaxed-fit-cotton-shirt-301004935?variant=44239832383541
44280964317237,ETA Black Textured Relaxed-Fit Cotton-Blend Shirt,https://www.westside.com/products/eta-black-textured-relaxed-fit-cotton-blend-shirt-301007318?variant=44280964317237
44116645904437,WES Casuals Black Floral Printed Slim-Fit Cotton Shirt,https://www.westside.com/products/wes-casuals-black-floral-printed-slim-fit-cotton-shirt-300997045?variant=44116645904437
44336340074549,Nuon Red Checkered Relaxed-Fit Cotton Shirt,https://www.westside.com/products/nuon-red-checkered-relaxed-fit-cotton-shirt-301010993?variant=44336340074549
44226707914805,ETA Black Resort-Fit Cotton Shirt,https://www.westside.com/products/eta-black-resort-fit-cotton-shirt-301007315?variant=44226707914805
44360042774581,WES Casuals Black Floral Pattern Relaxed-Fit Cotton Shirt,https://www.westside.com/products/wes-casuals-black-floral-pattern-relaxed-fit-cotton-shirt-301013274?variant=44360042774581
44239562702901,WES Casuals Black Checkered Relaxed-Fit Cotton Shirt,https://www.westside.com/products/wes-casuals-black-checkered-relaxed-fit-cotton-shirt-301007871?variant=44239562702901
44350808260661,Ascot White Knit-Textured Relaxed-Fit Cotton-Blend Shirt,https://www.westside.com/products/ascot-white-knit-textured-relaxed-fit-cotton-blend-shirt-301011652?variant=44350808260661
44336322478133,Nuon White Crochet-Detailed Relaxed-Fit Cotton Shirt,https://www.westside.com/products/nuon-white-crochet-detailed-relaxed-fit-cotton-shirt-301005918?variant=44336322478133
44336318283829,ETA Off-White Floral Embroidered Relaxed-Fit Cotton Shirt,https://www.westside.com/products/eta-off-white-floral-embroidered-relaxed-fit-cotton-shirt-301012101?variant=44336318283829
44312454299701,WES Casuals Taupe Striped Design Relaxed-Fit Cotton Shirt,https://www.westside.com/products/wes-casuals-taupe-striped-design-relaxed-fit-cotton-shirt-301008424?variant=44312454299701
44130409906229,Nuon Sage Checkered Relaxed-Fit Cotton Shirt,https://www.westside.com/products/nuon-sage-checkered-relaxed-fit-cotton-shirt-300996702?variant=44130409906229
44296982003765,Ascot Navy Colour-Blocked Knitted Relaxed-Fit Cotton Shirt,https://www.westside.com/products/ascot-navy-colour-blocked-knitted-relaxed-fit-cotton-shirt-301008408?variant=44296982003765
44369787191349,WES Casuals Light Grey Checkered Relaxed-Fit Cotton Shirt,https://www.westside.com/products/wes-casuals-light-grey-checkered-relaxed-fit-cotton-shirt-301015918?variant=44369787191349
44384222576693,WES Casuals White Seersucker Striped Slim-Fit Cotton Shirt,https://www.westside.com/products/wes-casuals-white-seersucker-striped-slim-fit-cotton-shirt-301018308?variant=44384222576693
44370090459189,ETA Sage Embroidered Relaxed-Fit Cotton Shirt,https://www.westside.com/products/eta-sage-embroidered-relaxed-fit-cotton-shirt-301012576?variant=44370090459189
44383592382517,Nuon Grey Tie-Dye Printed Relaxed-Fit Shirt,https://www.westside.com/products/nuon-grey-tie-dye-printed-relaxed-fit-shirt-301012303?variant=44383592382517
44383598444597,Nuon White Abstract Design Relaxed-Fit Shirt,https://www.westside.com/products/nuon-white-abstract-design-relaxed-fit-shirt-301015575?variant=44383598444597
44127304155189,ETA Dark Brown Floral Design Relaxed-Fit Cotton Shirt,https://www.westside.com/products/eta-dark-brown-floral-design-relaxed-fit-cotton-shirt-300997090?variant=44127304155189
44360035139637,Ascot Dark Brown Relaxed-Fit Linen-Blend Shirt,https://www.westside.com/products/ascot-dark-brown-relaxed-fit-linen-blend-shirt-301009610?variant=44360035139637
44380876505141,Nuon Green Seersucker Relaxed-Fit Shirt,https://www.westside.com/products/nuon-green-seersucker-relaxed-fit-shirt-301012307?variant=44380876505141
44189589962805,Nuon Brown Checkered Relaxed-Fit Cotton Shirt,https://www.westside.com/products/nuon-brown-checkered-relaxed-fit-cotton-shirt-301004436?variant=44189589962805
44345601982517,WES Casuals Navy Solid Relaxed-Fit Cotton Shirt,https://www.westside.com/products/wes-casuals-navy-solid-relaxed-fit-cotton-shirt-301008419?variant=44345601982517
44345600802869,ETA Cream Self-Textured Relaxed-Fit Cotton-Blend Shirt,https://www.westside.com/products/eta-cream-self-textured-relaxed-fit-cotton-blend-shirt-301009859?variant=44345600802869
44336321921077,ETA Black Crochet Relaxed-Fit Cotton Shirt,https://www.westside.com/products/eta-black-crochet-relaxed-fit-cotton-shirt-301003687?variant=44336321921077
44368725901365,Ascot Navy Stripe Printed Relaxed-Fit Shirt,https://www.westside.com/products/ascot-navy-stripe-printed-relaxed-fit-shirt-301009518?variant=44368725901365
44368736911413,Nuon Yellow Seersucker Relaxed-Fit Shirt,https://www.westside.com/products/nuon-yellow-seersucker-relaxed-fit-shirt-301013309?variant=44368736911413
44368733044789,Nuon Off-White Abstract-Printed Relaxed-Fit Shirt,https://www.westside.com/products/nuon-off-white-abstract-printed-relaxed-fit-shirt-301012300?variant=44368733044789
44347989753909,Nuon Off-White Striped Relaxed-Fit Shirt,https://www.westside.com/products/nuon-off-white-striped-relaxed-fit-shirt-301012299?variant=44347989753909
44336320806965,ETA Beige Floral Design Relaxed-Fit Crochet Shirt,https://www.westside.com/products/eta-beige-floral-design-relaxed-fit-crochet-shirt-301003686?variant=44336320806965
44347989590069,ETA White Embroidered Relaxed-Fit Shirt,https://www.westside.com/products/eta-white-embroidered-relaxed-fit-shirt-301010819?variant=44347989590069
44347993718837,WES Casuals White Relaxed-Fit Shirt,https://www.westside.com/products/wes-casuals-white-relaxed-fit-shirt-301008418?variant=44347993718837
44336315072565,Nuon Black Self-Textured Relaxed-Fit Shirt,https://www.westside.com/products/nuon-black-self-textured-relaxed-fit-shirt-301008177?variant=44336315072565
44239830188085,Ascot Taupe Relaxed-Fit Linen-Blend Shirt,https://www.westside.com/products/ascot-taupe-relaxed-fit-linen-blend-shirt-301005849?variant=44239830188085
44347990048821,WES Casuals Light Orange Botanical-Printed Relaxed-Fit Cotton Shirt,https://www.westside.com/products/wes-casuals-light-orange-botanical-printed-relaxed-fit-cotton-shirt-301013282?variant=44347990048821
44347992014901,ETA Brown Self-Patterned Relaxed-Fit Cotton Shirt,https://www.westside.com/products/eta-brown-self-patterned-relaxed-fit-cotton-shirt-301009861?variant=44347992014901
44312442732597,Nuon Red Star Printed Relaxed-Fit Cotton Shirt,https://www.westside.com/products/nuon-red-star-printed-relaxed-fit-cotton-shirt-301010994?variant=44312442732597
44189580984373,Nuon Brown Checkered Relaxed-Fit Cotton Shirt,https://www.westside.com/products/nuon-brown-checkered-relaxed-fit-cotton-shirt-301003692?variant=44189580984373
44242640633909,ETA Taupe Striped Pattern Relaxed-Fit Cotton Shirt,https://www.westside.com/products/eta-taupe-striped-pattern-relaxed-fit-cotton-shirt-301005266?variant=44242640633909
44217816580149,Ascot Black Solid Relaxed-Fit Linen-Blend Shirt,https://www.westside.com/products/ascot-black-solid-relaxed-fit-linen-blend-shirt-301005774?variant=44217816580149
44345602539573,ETA Sage Self-Textured Relaxed-Fit Cotton-Blend Shirt,https://www.westside.com/products/eta-sage-self-textured-relaxed-fit-cotton-blend-shirt-301009861?variant=44345602539573
44336317104181,ETA White Waffle-Textured Relaxed-Fit Cotton Shirt,https://www.westside.com/products/eta-white-waffle-textured-relaxed-fit-cotton-shirt-301009858?variant=44336317104181
44280965496885,Ascot Beige Solid Relaxed-Fit Cotton Shirt,https://www.westside.com/products/ascot-beige-solid-relaxed-fit-cotton-shirt-301008399?variant=44280965496885
44128461488181,ETA Off-White Crinkle Textured Resort-Fit Cotton Shirt,https://www.westside.com/products/eta-off-white-crinkle-textured-resort-fit-cotton-shirt-300997086?variant=44128461488181
44110150336565,WES Casuals Green Checkered Relaxed-Fit Cotton Shirt,https://www.westside.com/products/wes-casuals-green-checkered-relaxed-fit-cotton-shirt-300998066?variant=44110150336565
44114372853813,Ascot Brown Abstract Print Relaxed-Fit Cotton-Blend Shirt,https://www.westside.com/products/ascot-brown-abstract-print-relaxed-fit-cotton-blend-shirt-300999734?variant=44114372853813
44191134089269,Ascot Black Pinstriped Relaxed-Fit Cotton Shirt,https://www.westside.com/products/ascot-black-pinstriped-relaxed-fit-cotton-shirt-301004422?variant=44191134089269
44114377801781,WES Casuals Wine Checks Design Slim-Fit Cotton Shirt,https://www.westside.com/products/wes-casuals-wine-checks-design-slim-fit-cotton-shirt-300991692?variant=44114377801781
44114367971381,Ascot White Floral Relaxed-Fit Shirt,https://www.westside.com/products/ascot-white-floral-relaxed-fit-shirt-300999733?variant=44114367971381
44155742814261,Ascot Light Brown Relaxed-Fit Cotton Shirt,https://www.westside.com/products/ascot-light-brown-relaxed-fit-cotton-shirt-300997533?variant=44155742814261
44217821429813,Ascot Beige Printed Relaxed-Fit Shirt,https://www.westside.com/products/ascot-beige-printed-relaxed-fit-shirt-301005904?variant=44217821429813
44110142013493,WES Casuals Black Tartan Checks Slim-Fit Cotton Shirt,https://www.westside.com/products/wes-casuals-black-tartan-checks-slim-fit-cotton-shirt-300991681?variant=44110142013493
44114380455989,Ascot Beige Geometric Print Relaxed-Fit Shirt,https://www.westside.com/products/ascot-beige-geometric-print-relaxed-fit-shirt-301003676?variant=44114380455989
44145132666933,Ascot Navy Stripe Printed Relaxed-Fit Cotton-Blend Shirt,https://www.westside.com/products/ascot-navy-stripe-printed-relaxed-fit-cotton-blend-shirt-300999739?variant=44145132666933
44167384956981,Ascot Beige Faux-Suede Relaxed-Fit Shirt,https://www.westside.com/products/ascot-beige-faux-suede-relaxed-fit-shirt-300999738?variant=44167384956981
44155755757621,Ascot Black Foliage Printed Relaxed-Fit Shirt,https://www.westside.com/products/ascot-black-foliage-printed-relaxed-fit-shirt-301005775?variant=44155755757621
44234572955701,Ascot Dark Brown Relaxed-Fit Cotton-Blend Shirt,https://www.westside.com/products/ascot-dark-brown-relaxed-fit-cotton-blend-shirt-301005774?variant=44234572955701
44155740684341,Ascot Brown Checks Design Relaxed-Fit Cotton-Blend Shirt,https://www.westside.com/products/ascot-brown-checks-design-relaxed-fit-cotton-blend-shirt-300997540?variant=44155740684341
44151744233525,Ascot Navy Houndstooth Print Relaxed-Fit Cotton Shirt,https://www.westside.com/products/ascot-navy-houndstooth-print-relaxed-fit-cotton-shirt-300997540?variant=44151744233525
44178161860661,Ascot Grey Checkered Relaxed-Fit Shirt,https://www.westside.com/products/ascot-grey-checkered-relaxed-fit-shirt-301001787?variant=44178161860661
44223909855285,Ascot Brown Solid Relaxed-Fit Cotton Shirt,https://www.westside.com/products/ascot-brown-solid-relaxed-fit-cotton-shirt-301008653?variant=44223909855285
44177415110709,ETA Black Knit-Textured Relaxed-Fit Cotton Shirt,https://www.westside.com/products/eta-black-knit-textured-relaxed-fit-cotton-shirt-300998703?variant=44177415110709
44167380992053,Ascot Tan Faux-Suede Relaxed-Fit Shirt,https://www.westside.com/products/ascot-tan-faux-suede-relaxed-fit-shirt-300999738?variant=44167380992053
44114376327221,Ascot Wine Floral Design Relaxed-Fit Shirt,https://www.westside.com/products/ascot-wine-floral-design-relaxed-fit-shirt-300999735?variant=44114376327221
44368728227893,Ascot White Relaxed-Fit Linen Shirt,https://www.westside.com/products/ascot-white-relaxed-fit-linen-shirt-301009521?variant=44368728227893
44350805803061,Ascot Beige Striped Relaxed-Fit Shirt,https://www.westside.com/products/ascot-beige-striped-relaxed-fit-shirt-301008400?variant=44350805803061
44369777557557,Ascot Beige Solid Relaxed-Fit Linen Shirt,https://www.westside.com/products/ascot-beige-solid-relaxed-fit-linen-shirt-301009522?variant=44369777557557
44368734912565,WES Casuals White Checkered Relaxed-Fit Cotton-Blend Shirt,https://www.westside.com/products/wes-casuals-white-checkered-relaxed-fit-cotton-blend-shirt-301013286?variant=44368734912565
44368733929525,WES Casuals Dusty Pink Relaxed-Fit Cotton Shirt,https://www.westside.com/products/wes-casuals-dusty-pink-relaxed-fit-cotton-shirt-301013281?variant=44368733929525
44369782603829,Ascot Mustard Stripe Printed Relaxed-Fit Linen Shirt,https://www.westside.com/products/ascot-mustard-stripe-printed-relaxed-fit-linen-shirt-301009524?variant=44369782603829
44369781850165,WES Casuals Beige Botanical Design Relaxed-Fit Cotton Shirt,https://www.westside.com/products/wes-casuals-beige-botanical-design-relaxed-fit-cotton-shirt-301013275?variant=44369781850165
44239837495349,Nuon Black Abstract Design Relaxed-Fit Shirt,https://www.westside.com/products/nuon-black-abstract-design-relaxed-fit-shirt-301006254?variant=44239837495349
44164116938805,Nuon Sage Floral Design Relaxed-Fit Cotton Shirt,https://www.westside.com/products/nuon-sage-floral-design-relaxed-fit-cotton-shirt-300993901?variant=44164116938805
44114369445941,WES Casuals Brown Checks Design Relaxed-Fit Cotton Shirt,https://www.westside.com/products/wes-casuals-brown-checks-design-relaxed-fit-cotton-shirt-300998055?variant=44114369445941
44116648427573,WES Casuals Navy Checks Design Relaxed-Fit Cotton Shirt,https://www.westside.com/products/wes-casuals-navy-checks-design-relaxed-fit-cotton-shirt-300998071?variant=44116648427573
44164116480053,Nuon Black Floral Design Relaxed-Fit Cotton Shirt,https://www.westside.com/products/nuon-black-floral-design-relaxed-fit-cotton-shirt-300993901?variant=44164116480053
44110142996533,Nuon Off-White Applique Detailed Relaxed-Fit Cotton Shirt,https://www.westside.com/products/nuon-off-white-applique-detailed-relaxed-fit-cotton-shirt-300996708?variant=44110142996533
44164125229109,ETA Off-White Striped Resort-Fit Cotton Shirt,https://www.westside.com/products/eta-off-white-striped-resort-fit-cotton-shirt-300998704?variant=44164125229109
44145132175413,WES Casuals Dark Olive Corduroy Relaxed-Fit Cotton Shirt,https://www.westside.com/products/wes-casuals-dark-olive-corduroy-relaxed-fit-cotton-shirt-300997061?variant=44145132175413
44167386431541,ETA Cream Printed Relaxed-Fit Shirt,https://www.westside.com/products/eta-cream-printed-relaxed-fit-shirt-300999246?variant=44167386431541
44283077492789,Nuon Light Yellow Knit-Textured Relaxed-Fit Cotton-Blend Shirt,https://www.westside.com/products/nuon-light-yellow-knit-textured-relaxed-fit-cotton-blend-shirt-301008176?variant=44283077492789
44143445016629,Nuon Multicolour Self Striped Relaxed-Fit Shirt,https://www.westside.com/products/nuon-multicolour-self-striped-relaxed-fit-shirt-301003698?variant=44143445016629
44114378227765,WES Casuals Black Solid Relaxed-Fit Shirt,https://www.westside.com/products/wes-casuals-black-solid-relaxed-fit-shirt-300996187?variant=44114378227765
44110144045109,Nuon Grey Knit-Textured Relaxed-Fit Shirt,https://www.westside.com/products/nuon-grey-knit-textured-relaxed-fit-shirt-300991734?variant=44110144045109
44114381340725,Nuon Off-White Cut-Out Detailed Relaxed-Fit Shirt,https://www.westside.com/products/nuon-off-white-cut-out-detailed-relaxed-fit-shirt-300991734?variant=44114381340725
44143026634805,Nuon Pink Camouflage Print Relaxed-Fit Shirt,https://www.westside.com/products/nuon-pink-camouflage-print-relaxed-fit-shirt-300996718?variant=44143026634805
44143019851829,ETA Off-White Colour Blocked Crochet Relaxed-Fit Shirt,https://www.westside.com/products/eta-off-white-colour-blocked-crochet-relaxed-fit-shirt-301000030?variant=44143019851829
44221037117493,WES Casuals Navy Checks Print Relaxed-Fit Cotton Shirt,https://www.westside.com/products/wes-casuals-navy-checks-print-relaxed-fit-cotton-shirt-301008430?variant=44221037117493
44143033188405,WES Casuals Beige Seersucker Striped Relaxed-Fit Cotton Shirt,https://www.westside.com/products/wes-casuals-beige-seersucker-striped-relaxed-fit-cotton-shirt-300998061?variant=44143033188405
44221034889269,WES Casuals Pink Striped Relaxed-Fit Cotton Shirt,https://www.westside.com/products/wes-casuals-pink-striped-relaxed-fit-cotton-shirt-301006247?variant=44221034889269
44143017361461,Nuon Black Abstract Print Relaxed-Fit Cotton Shirt,https://www.westside.com/products/nuon-black-abstract-print-relaxed-fit-cotton-shirt-300996710?variant=44143017361461
44145070702645,Nuon Mauve Self Striped Relaxed-Fit Shirt,https://www.westside.com/products/nuon-mauve-self-striped-relaxed-fit-shirt-300998302?variant=44145070702645
44167392067637,ETA Black Embroidered Relaxed-Fit Cotton-Blend Shirt,https://www.westside.com/products/eta-black-embroidered-relaxed-fit-cotton-blend-shirt-301001755?variant=44167392067637
44167386923061,ETA Beige Floral Knitted Relaxed-Fit Cotton-Blend Shirt,https://www.westside.com/products/eta-beige-floral-knitted-relaxed-fit-cotton-blend-shirt-301001756?variant=44167386923061
44222796693557,Nuon Yellow Geometric Design Textured Relaxed-Fit Shirt,https://www.westside.com/products/nuon-yellow-geometric-design-textured-relaxed-fit-shirt-301004931?variant=44222796693557
44143026503733,WES Casuals Sage Seersucker Striped Relaxed-Fit Cotton Shirt,https://www.westside.com/products/wes-casuals-sage-seersucker-striped-relaxed-fit-cotton-shirt-300998061?variant=44143026503733
44164123787317,WES Casuals Dark Green Checkered Relaxed-Fit Cotton-Blend Shirt,https://www.westside.com/products/wes-casuals-dark-green-checkered-relaxed-fit-cotton-blend-shirt-300998068?variant=44164123787317
44145173135413,ETA Mustard Crinkle-Textured Resort-Fit Cotton Shirt,https://www.westside.com/products/eta-mustard-crinkle-textured-resort-fit-cotton-shirt-300999250?variant=44145173135413
44242636406837,WES Casuals Navy Relaxed-Fit Cotton Shirt,https://www.westside.com/products/wes-casuals-navy-relaxed-fit-cotton-shirt-301006250?variant=44242636406837
44114379440181,ETA Emerald Green Solid Relaxed-Fit Cotton Shirt,https://www.westside.com/products/eta-emerald-green-solid-relaxed-fit-cotton-shirt-300998695?variant=44114379440181
44226705096757,Nuon Beige Solid Slim-Fit Cotton Shirt,https://www.westside.com/products/nuon-beige-solid-slim-fit-cotton-shirt-301004932?variant=44226705096757
44312452628533,WES Casuals Brown Self-Striped Relaxed-Fit Cotton Shirt,https://www.westside.com/products/wes-casuals-brown-self-striped-relaxed-fit-cotton-shirt-301008417?variant=44312452628533
44239567388725,ETA Beige Textured Stripe Relaxed-Fit Cotton-Blend Shirt,https://www.westside.com/products/eta-beige-textured-stripe-relaxed-fit-cotton-blend-shirt-301005269?variant=44239567388725
44145071358005,Nuon Brown Textured Relaxed-Fit Cotton Shirt,https://www.westside.com/products/nuon-brown-textured-relaxed-fit-cotton-shirt-300996700?variant=44145071358005
44296978300981,WES Casuals Khaki Solid Relaxed-Fit Cotton Shirt,https://www.westside.com/products/wes-casuals-khaki-solid-relaxed-fit-cotton-shirt-301005254?variant=44296978300981
44242633752629,WES Casuals Black Relaxed-Fit Cotton Shirt,https://www.westside.com/products/wes-casuals-black-relaxed-fit-cotton-shirt-301006250?variant=44242633752629
44221037969461,WES Casuals Beige Solid Relaxed-Fit Cotton Shirt,https://www.westside.com/products/wes-casuals-beige-solid-relaxed-fit-cotton-shirt-301007949?variant=44221037969461
44143445377077,ETA White Floral Embroidered Relaxed-Fit Cotton-Blend Shirt,https://www.westside.com/products/eta-white-floral-embroidered-relaxed-fit-cotton-blend-shirt-300988899?variant=44143445377077
44242636111925,Nuon Light Grey Checkered Relaxed-Fit Cotton Shirt,https://www.westside.com/products/nuon-light-grey-checkered-relaxed-fit-cotton-shirt-301004937?variant=44242636111925
44143026143285,ETA Olive Crochet Relaxed-Fit Cotton Shirt,https://www.westside.com/products/eta-olive-crochet-relaxed-fit-cotton-shirt-301000031?variant=44143026143285
44155744223285,WES Casuals Beige Relaxed-Fit Cotton Shirt,https://www.westside.com/products/wes-casuals-beige-relaxed-fit-cotton-shirt-300997062?variant=44155744223285
44143019655221,Nuon Cream Textured Relaxed-Fit Cotton Shirt,https://www.westside.com/products/nuon-cream-textured-relaxed-fit-cotton-shirt-300996700?variant=44143019655221
44221033283637,ETA Brown Resort-Fit Cotton Shirt,https://www.westside.com/products/eta-brown-resort-fit-cotton-shirt-301007315?variant=44221033283637
44315263434805,Nuon Yellow Floral Printed Relaxed-Fit Cotton-Blend Shirt,https://www.westside.com/products/nuon-yellow-floral-printed-relaxed-fit-cotton-blend-shirt-301012298?variant=44315263434805
44143024603189,Nuon White Abstract Printed Relaxed-Fit Cotton Shirt,https://www.westside.com/products/nuon-white-abstract-printed-relaxed-fit-cotton-shirt-300996711?variant=44143024603189
44164127195189,Nuon Black & White Checkered Relaxed-Fit Cotton Shirt,https://www.westside.com/products/nuon-black-white-checkered-relaxed-fit-cotton-shirt-300996715?variant=44164127195189
44143016017973,ETA Black Crochet Relaxed-Fit Cotton Shirt,https://www.westside.com/products/eta-black-crochet-relaxed-fit-cotton-shirt-301000032?variant=44143016017973
44164118380597,Nuon White Scallop Design Relaxed-Fit Cotton Shirt,https://www.westside.com/products/nuon-white-scallop-design-relaxed-fit-cotton-shirt-300993900?variant=44164118380597
44280969560117,Nuon Yellow Striped Relaxed-Fit Cotton-Blend Shirt,https://www.westside.com/products/nuon-yellow-striped-relaxed-fit-cotton-blend-shirt-301004934?variant=44280969560117
44281227739189,WES Casuals Beige Striped Relaxed-Fit Cotton-Blend Shirt,https://www.westside.com/products/wes-casuals-beige-striped-relaxed-fit-cotton-blend-shirt-301008428?variant=44281227739189
44293325226037,WES Casuals Navy Self-Striped Relaxed-Fit Cotton Shirt,https://www.westside.com/products/wes-casuals-navy-self-striped-relaxed-fit-cotton-shirt-301008417?variant=44293325226037
44239564472373,ETA Brown Textured Relaxed-Fit Cotton Shirt,https://www.westside.com/products/eta-brown-textured-relaxed-fit-cotton-shirt-301005263?variant=44239564472373
44312452431925,WES Casuals Light Pink Relaxed-Fit Cotton-Blend Shirt,https://www.westside.com/products/wes-casuals-light-pink-relaxed-fit-cotton-blend-shirt-301008427?variant=44312452431925
44239555854389,ETA Black Textured Relaxed-Fit Cotton Shirt,https://www.westside.com/products/eta-black-textured-relaxed-fit-cotton-shirt-301005263?variant=44239555854389
44336337387573,Nuon Burgundy Solid Relaxed-Fit Cotton Shirt,https://www.westside.com/products/nuon-burgundy-solid-relaxed-fit-cotton-shirt-301010991?variant=44336337387573
44239554609205,WES Casuals Beige Solid Relaxed-Fit Cotton-Blend Shirt,https://www.westside.com/products/wes-casuals-beige-solid-relaxed-fit-cotton-blend-shirt-301007950?variant=44239554609205
44312444895285,WES Casuals Black Solid Relaxed-Fit Cotton Shirt,https://www.westside.com/products/wes-casuals-black-solid-relaxed-fit-cotton-shirt-301005254?variant=44312444895285
44226706276405,ETA Light Beige Resort-Fit Cotton Shirt,https://www.westside.com/products/eta-light-beige-resort-fit-cotton-shirt-301007315?variant=44226706276405
44336317956149,Nuon Navy Solid Relaxed-Fit Cotton Shirt,https://www.westside.com/products/nuon-navy-solid-relaxed-fit-cotton-shirt-301011170?variant=44336317956149
44350809210933,Ascot Olive Knit-Textured Relaxed-Fit Cotton-Blend Shirt,https://www.westside.com/products/ascot-olive-knit-textured-relaxed-fit-cotton-blend-shirt-301011652?variant=44350809210933
44222789812277,ETA Beige Embroidered Relaxed-Fit Cotton Shirt,https://www.westside.com/products/eta-beige-embroidered-relaxed-fit-cotton-shirt-301005270?variant=44222789812277
44322079637557,Ascot Rust Crochet-Detailed Relaxed-Fit Cotton Shirt,https://www.westside.com/products/ascot-rust-crochet-detailed-relaxed-fit-cotton-shirt-301008408?variant=44322079637557
44143442395189,Nuon Grey Checkered Relaxed-Fit Cotton-Blend Shirt,https://www.westside.com/products/nuon-grey-checkered-relaxed-fit-cotton-blend-shirt-300994566?variant=44143442395189
44164116643893,Nuon Black Scallop Design Relaxed-Fit Cotton Shirt,https://www.westside.com/products/nuon-black-scallop-design-relaxed-fit-cotton-shirt-300993900?variant=44164116643893
44312451842101,WES Casuals Grey Striped Relaxed-Fit Cotton Shirt,https://www.westside.com/products/wes-casuals-grey-striped-relaxed-fit-cotton-shirt-301008424?variant=44312451842101
44222793220149,Nuon Charcoal Tie-Dye Design Relaxed-Fit Shirt,https://www.westside.com/products/nuon-charcoal-tie-dye-design-relaxed-fit-shirt-301004940?variant=44222793220149
44226711027765,Nuon Pink Printed Relaxed-Fit Shirt,https://www.westside.com/products/nuon-pink-printed-relaxed-fit-shirt-301005920?variant=44226711027765
44143020474421,WES Casuals Brown Pin Checks Relaxed-Fit Cotton-Blend Shirt,https://www.westside.com/products/wes-casuals-brown-pin-checks-relaxed-fit-cotton-blend-shirt-300998058?variant=44143020474421
44143029289013,ETA Sage Crinkle-Textured Resort-Fit Cotton Shirt,https://www.westside.com/products/eta-sage-crinkle-textured-resort-fit-cotton-shirt-300999244?variant=44143029289013
44164122902581,ETA Sage Botanical Design Relaxed-Fit Shirt,https://www.westside.com/products/eta-sage-botanical-design-relaxed-fit-shirt-300999247?variant=44164122902581
44143027454005,WES Casuals Green Checkered Relaxed-Fit Cotton-Blend Shirt,https://www.westside.com/products/wes-casuals-green-checkered-relaxed-fit-cotton-blend-shirt-300998057?variant=44143027454005
44239563391029,WES Casuals Navy Checkered Relaxed-Fit Cotton Shirt,https://www.westside.com/products/wes-casuals-navy-checkered-relaxed-fit-cotton-shirt-301005248?variant=44239563391029
44143445639221,Nuon Brown Checkered Relaxed-Fit Cotton Shirt,https://www.westside.com/products/nuon-brown-checkered-relaxed-fit-cotton-shirt-300998304?variant=44143445639221
44143022178357,WES Casuals Off-White Checkered Relaxed-Fit Cotton-Blend Shirt,https://www.westside.com/products/wes-casuals-off-white-checkered-relaxed-fit-cotton-blend-shirt-300998058?variant=44143022178357
44110145257525,WES Casuals Light Pink Striped Relaxed-Fit Cotton Shirt,https://www.westside.com/products/wes-casuals-light-pink-striped-relaxed-fit-cotton-shirt-300991675?variant=44110145257525
44110134902837,WES Casuals Charcoal Checkered Relaxed-Fit Cotton-Blend Shirt,https://www.westside.com/products/wes-casuals-charcoal-checkered-relaxed-fit-cotton-blend-shirt-300991679?variant=44110134902837
44143016575029,WES Casuals Navy Checkered Relaxed-Fit Cotton-Blend Shirt,https://www.westside.com/products/wes-casuals-navy-checkered-relaxed-fit-cotton-blend-shirt-300998057?variant=44143016575029
44110143160373,WES Casuals Brown Crinkle Relaxed-Fit Cotton-Blend Shirt,https://www.westside.com/products/wes-casuals-brown-crinkle-relaxed-fit-cotton-blend-shirt-300997046?variant=44110143160373
44293434966069,Nuon Black Abstract Design Relaxed-Fit Shirt,https://www.westside.com/products/nuon-black-abstract-design-relaxed-fit-shirt-301005916?variant=44293434966069
44350808653877,Ascot Sage Checks Design Relaxed-Fit Shirt,https://www.westside.com/products/ascot-sage-checks-design-relaxed-fit-shirt-301014186?variant=44350808653877
44110138671157,WES Casuals Navy Crinkle Relaxed-Fit Cotton-Blend Shirt,https://www.westside.com/products/wes-casuals-navy-crinkle-relaxed-fit-cotton-blend-shirt-300997046?variant=44110138671157
44336326377525,Nuon Pink Abstract Printed Relaxed-Fit Shirt,https://www.westside.com/products/nuon-pink-abstract-printed-relaxed-fit-shirt-301008658?variant=44336326377525
44130410922037,ETA Olive Crinkle Textured Resort-Fit Cotton Shirt,https://www.westside.com/products/eta-olive-crinkle-textured-resort-fit-cotton-shirt-300999250?variant=44130410922037
44345597296693,WES Casuals Pink Checks Design Relaxed-Fit Cotton Shirt,https://www.westside.com/products/wes-casuals-pink-checks-design-relaxed-fit-cotton-shirt-301013292?variant=44345597296693
44394234085429,ETA Off-White Crinkle-Textured Relaxed-Fit Cotton Shirt,https://www.westside.com/products/eta-off-white-crinkle-textured-relaxed-fit-cotton-shirt-301012825?variant=44394234085429
44394236346421,ETA Olive Crinkle-Textured Relaxed-Fit Cotton Shirt,https://www.westside.com/products/eta-olive-crinkle-textured-relaxed-fit-cotton-shirt-301012826?variant=44394236346421
44239815278645,Ascot Brown Relaxed-Fit Linen-Blend Shirt,https://www.westside.com/products/ascot-brown-relaxed-fit-linen-blend-shirt-301005903?variant=44239815278645
44293322735669,WES Casuals Navy Relaxed-Fit Linen-Blend Shirt,https://www.westside.com/products/wes-casuals-navy-relaxed-fit-linen-blend-shirt-301007953?variant=44293322735669
44347991097397,Nuon Black Text Patterned Relaxed-Fit Cotton-Blend Shirt,https://www.westside.com/products/nuon-black-text-patterned-relaxed-fit-cotton-blend-shirt-301012466?variant=44347991097397
44347987984437,ETA Off-White Floral Embroidered Relaxed-Fit Cotton Shirt,https://www.westside.com/products/eta-off-white-floral-embroidered-relaxed-fit-cotton-shirt-301009855?variant=44347987984437
44370091671605,ETA Off-White Embroidered Relaxed-Fit Cotton Shirt,https://www.westside.com/products/eta-off-white-embroidered-relaxed-fit-cotton-shirt-301013603?variant=44370091671605
44336326180917,WES Casuals Pink Checks Design Relaxed-Fit Cotton Shirt,https://www.westside.com/products/wes-casuals-pink-checks-design-relaxed-fit-cotton-shirt-301008426?variant=44336326180917
44347993227317,ETA White Floral Embroidered Relaxed-Fit Cotton Shirt,https://www.westside.com/products/eta-white-floral-embroidered-relaxed-fit-cotton-shirt-301009856?variant=44347993227317
44239833137205,Nuon Brown Floral Embroidered Relaxed-Fit Cotton-Blend Shirt,https://www.westside.com/products/nuon-brown-floral-embroidered-relaxed-fit-cotton-blend-shirt-301004930?variant=44239833137205
44347992866869,Nuon Beige Text Patterned Relaxed-Fit Cotton-Blend Shirt,https://www.westside.com/products/nuon-beige-text-patterned-relaxed-fit-cotton-blend-shirt-301012467?variant=44347992866869
44317294624821,Ascot Navy Solid Relaxed-Fit Cotton Shirt,https://www.westside.com/products/ascot-navy-solid-relaxed-fit-cotton-shirt-301008399?variant=44317294624821
44368732684341,WES Casuals White Leaf Design Relaxed-Fit Cotton Shirt,https://www.westside.com/products/wes-casuals-white-leaf-design-relaxed-fit-cotton-shirt-301013277?variant=44368732684341
44316102328373,WES Casuals Dusty Pink Relaxed-Fit Cotton-Blend Shirt,https://www.westside.com/products/wes-casuals-dusty-pink-relaxed-fit-cotton-blend-shirt-301008420?variant=44316102328373
41113917587509,WES Casuals Black Cotton Relaxed-Fit Shirt,https://www.westside.com/products/wes-casuals-black-cotton-relaxed-fit-shirt-300899568?variant=41113917587509
43325511958581,WES Casuals Light Sage Solid Cotton Relaxed Fit Shirt,https://www.westside.com/products/wes-casuals-light-sage-solid-cotton-relaxed-fit-shirt-300969759?variant=43325511958581
42579902398517,WES Casuals Solid Beige Relaxed-Fit Shirt,https://www.westside.com/products/wes-casuals-solid-beige-relaxed-fit-shirt-300950784?variant=42579902398517
44345595232309,Nuon Blue Floral Printed Relaxed-Fit Shirt,https://www.westside.com/products/nuon-blue-floral-printed-relaxed-fit-shirt-301012302?variant=44345595232309
44347993915445,ETA Blue Crochet Detailed Relaxed-Fit Shirt,https://www.westside.com/products/eta-blue-crochet-detailed-relaxed-fit-shirt-301003687?variant=44347993915445
44280974508085,Ascot Light Blue Printed Relaxed-Fit Shirt,https://www.westside.com/products/ascot-light-blue-printed-relaxed-fit-shirt-301008402?variant=44280974508085
44294016499765,Nuon Dusty Blue Abstract Design Relaxed-Fit Shirt,https://www.westside.com/products/nuon-dusty-blue-abstract-design-relaxed-fit-shirt-301010990?variant=44294016499765
44222793056309,Nuon Blue Floral Printed Relaxed-Fit Shirt,https://www.westside.com/products/nuon-blue-floral-printed-relaxed-fit-shirt-301004933?variant=44222793056309
44127316901941,WES Casuals Dark Blue Checkered Relaxed-Fit Cotton Shirt,https://www.westside.com/products/wes-casuals-dark-blue-checkered-relaxed-fit-cotton-shirt-300998070?variant=44127316901941
44222791221301,Nuon Blue Geometric Design Relaxed-Fit Shirt,https://www.westside.com/products/nuon-blue-geometric-design-relaxed-fit-shirt-301004939?variant=44222791221301
44177400922165,WES Casuals Dark Blue Relaxed-Fit Cotton Shirt,https://www.westside.com/products/wes-casuals-dark-blue-relaxed-fit-cotton-shirt-300999239?variant=44177400922165
44128452411445,WES Casuals Blue Stripe Printed Relaxed-Fit Cotton Shirt,https://www.westside.com/products/wes-casuals-blue-stripe-printed-relaxed-fit-cotton-shirt-300998062?variant=44128452411445
44155739013173,Ascot Teal Relaxed-Fit Cotton Shirt,https://www.westside.com/products/ascot-teal-relaxed-fit-cotton-shirt-300997533?variant=44155739013173
44151740629045,ETA Light Blue Floral Print Relaxed-Fit Shirt,https://www.westside.com/products/eta-light-blue-floral-print-relaxed-fit-shirt-300999248?variant=44151740629045
44178168938549,Nuon Blue Knit-Textured Relaxed-Fit Shirt,https://www.westside.com/products/nuon-blue-knit-textured-relaxed-fit-shirt-300991741?variant=44178168938549
44222790860853,Nuon Blue Abstract Design Relaxed-Fit Cotton-Blend Shirt,https://www.westside.com/products/nuon-blue-abstract-design-relaxed-fit-cotton-blend-shirt-301004941?variant=44222790860853
44223919652917,WES Casuals Blue Relaxed-Fit Cotton-Blend Shirt,https://www.westside.com/products/wes-casuals-blue-relaxed-fit-cotton-blend-shirt-301007954?variant=44223919652917
44347987787829,WES Casuals Light Blue Checks Design Relaxed-Fit Cotton Shirt,https://www.westside.com/products/wes-casuals-light-blue-checks-design-relaxed-fit-cotton-shirt-301013294?variant=44347987787829
44127309889589,ETA Teal Stripe Printed Relaxed-Fit Cotton Shirt,https://www.westside.com/products/eta-teal-stripe-printed-relaxed-fit-cotton-shirt-301000516?variant=44127309889589
44347993391157,ETA Light Blue Floral Embroidered Relaxed-Fit Cotton Shirt,https://www.westside.com/products/eta-light-blue-floral-embroidered-relaxed-fit-cotton-shirt-301009856?variant=44347993391157
44336325263413,WES Casuals Light Blue Striped Relaxed-Fit Cotton-Blend Shirt,https://www.westside.com/products/wes-casuals-light-blue-striped-relaxed-fit-cotton-blend-shirt-301008415?variant=44336325263413
44178156224565,Nuon Blue Checks Pattern Relaxed-Fit Cotton Shirt,https://www.westside.com/products/nuon-blue-checks-pattern-relaxed-fit-cotton-shirt-301003697?variant=44178156224565
44347991719989,ETA Blue Embroidered Relaxed-Fit Cotton Shirt,https://www.westside.com/products/eta-blue-embroidered-relaxed-fit-cotton-shirt-301010818?variant=44347991719989
44312454660149,WES Casuals Light Blue Relaxed-Fit Cotton-Blend Shirt,https://www.westside.com/products/wes-casuals-light-blue-relaxed-fit-cotton-blend-shirt-301008420?variant=44312454660149
44239560015925,WES Casuals Blue Striped Relaxed-Fit Cotton Shirt,https://www.westside.com/products/wes-casuals-blue-striped-relaxed-fit-cotton-shirt-301005253?variant=44239560015925
44380877750325,WES Casuals Blue Striped Relaxed-Fit Cotton-Blend Shirt,https://www.westside.com/products/wes-casuals-blue-striped-relaxed-fit-cotton-blend-shirt-301013285?variant=44380877750325
44368735109173,Nuon Light Blue Floral Printed Relaxed-Fit Shirt,https://www.westside.com/products/nuon-light-blue-floral-printed-relaxed-fit-shirt-301013308?variant=44368735109173
44380875653173,Nuon Light Blue Abstract Cotton-Blend Relaxed-Fit Shirt,https://www.westside.com/products/nuon-light-blue-abstract-cotton-blend-relaxed-fit-shirt-301012305?variant=44380875653173
44368724852789,Ascot Light Blue Abstract Design Relaxed-Fit Shirt,https://www.westside.com/products/ascot-light-blue-abstract-design-relaxed-fit-shirt-301009516?variant=44368724852789
44381925605429,ETA Blue Crochet-Detailed Relaxed-Fit Shirt,https://www.westside.com/products/eta-blue-crochet-detailed-relaxed-fit-shirt-301009862?variant=44381925605429
44380877324341,Nuon Blue Scenic Printed Relaxed-Fit Shirt,https://www.westside.com/products/nuon-blue-scenic-printed-relaxed-fit-shirt-301012592?variant=44380877324341
44380878897205,WES Casuals Blue Floral Relaxed-Fit Cotton-Blend Shirt,https://www.westside.com/products/wes-casuals-blue-floral-relaxed-fit-cotton-blend-shirt-301013291?variant=44380878897205
44368732520501,ETA Teal Knit-Textured Resort-Fit Cotton Shirt,https://www.westside.com/products/eta-teal-knit-textured-resort-fit-cotton-shirt-301012566?variant=44368732520501
44369777950773,Ascot Light Blue Stripe Pattern Relaxed-Fit Linen Shirt,https://www.westside.com/products/ascot-light-blue-stripe-pattern-relaxed-fit-linen-shirt-301009523?variant=44369777950773
44143016214581,WES Casuals Navy Checkered Relaxed-Fit Cotton Shirt,https://www.westside.com/products/wes-casuals-navy-checkered-relaxed-fit-cotton-shirt-300998075?variant=44143016214581
44369783685173,Ascot Light Yellow Solid Relaxed-Fit Linen Shirt,https://www.westside.com/products/ascot-light-yellow-solid-relaxed-fit-linen-shirt-301009522?variant=44369783685173
44404873920565,ETA Sage Knit-Textured Relaxed-Fit Cotton Shirt,https://www.westside.com/products/eta-sage-knit-textured-relaxed-fit-cotton-shirt-301012577?variant=44404873920565
44406218096693,Nuon Blue Marine-Inspired Relaxed-Fit Shirt,https://www.westside.com/products/nuon-blue-marine-inspired-relaxed-fit-shirt-301012292?variant=44406218096693
44338977898549,WES Casuals Light Sage Solid Relaxed-Fit Cotton Shirt,https://www.westside.com/products/wes-casuals-light-sage-solid-relaxed-fit-cotton-shirt-301010197?variant=44338977898549
44294021578805,Nuon Blue Faded Relaxed-Fit Cotton Shirt,https://www.westside.com/products/nuon-blue-faded-relaxed-fit-cotton-shirt-301008178?variant=44294021578805
44345601654837,ETA Light Blue Crinkle Textured Relaxed-Fit Cotton Shirt,https://www.westside.com/products/eta-light-blue-crinkle-textured-relaxed-fit-cotton-shirt-301009852?variant=44345601654837
44347991523381,Nuon Dusty Blue Solid Slim-Fit Cotton Shirt,https://www.westside.com/products/nuon-dusty-blue-solid-slim-fit-cotton-shirt-301012291?variant=44347991523381
44281223020597,Nuon Blue Stripe Printed Relaxed-Fit Cotton Shirt,https://www.westside.com/products/nuon-blue-stripe-printed-relaxed-fit-cotton-shirt-301004934?variant=44281223020597
44221038264373,WES Casuals Light Blue Solid Relaxed-Fit Cotton-Blend Shirt,https://www.westside.com/products/wes-casuals-light-blue-solid-relaxed-fit-cotton-blend-shirt-301007952?variant=44221038264373
44360386871349,WES Casuals Light Blue Stripe Patterned Relaxed-Fit Cotton Shirt,https://www.westside.com/products/wes-casuals-light-blue-stripe-patterned-relaxed-fit-cotton-shirt-301013287?variant=44360386871349
44369780080693,Ascot Light Blue Solid Relaxed-Fit Linen Shirt,https://www.westside.com/products/ascot-light-blue-solid-relaxed-fit-linen-shirt-301009522?variant=44369780080693
44315261141045,ETA Dusty Blue Striped Knit-Textured Relaxed-Fit Cotton Shirt,https://www.westside.com/products/eta-dusty-blue-striped-knit-textured-relaxed-fit-cotton-shirt-301009853?variant=44315261141045
44317294428213,Ascot Light Blue Pinstriped Relaxed-Fit Shirt,https://www.westside.com/products/ascot-light-blue-pinstriped-relaxed-fit-shirt-301008407?variant=44317294428213
44293323751477,WES Casuals Light Blue Checkered Relaxed-Fit Cotton Shirt,https://www.westside.com/products/wes-casuals-light-blue-checkered-relaxed-fit-cotton-shirt-301008421?variant=44293323751477
44336326737973,WES Casuals Blue Relaxed-Fit Cotton-Blend Shirt,https://www.westside.com/products/wes-casuals-blue-relaxed-fit-cotton-blend-shirt-301008422?variant=44336326737973
44395688689717,Nuon Blue Checkered Design Relaxed-Fit Cotton-Blend Shirt,https://www.westside.com/products/nuon-blue-checkered-design-relaxed-fit-cotton-blend-shirt-301013313?variant=44395688689717
44345597493301,ETA Light Blue Waffle-Textured Relaxed-Fit Cotton Shirt,https://www.westside.com/products/eta-light-blue-waffle-textured-relaxed-fit-cotton-shirt-301009858?variant=44345597493301
44394237722677,WES Casuals Blue Striped Relaxed-Fit Cotton-Blend Shirt,https://www.westside.com/products/wes-casuals-blue-striped-relaxed-fit-cotton-blend-shirt-301013272?variant=44394237722677
44395702616117,Nuon Blue Floral Pattern Relaxed-Fit Shirt,https://www.westside.com/products/nuon-blue-floral-pattern-relaxed-fit-shirt-301015583?variant=44395702616117
44404891582517,Nuon Off-White Embroidered Relaxed-Fit Cotton Shirt,https://www.westside.com/products/nuon-off-white-embroidered-relaxed-fit-cotton-shirt-301016859?variant=44404891582517
44347993030709,WES Casuals Dark Sage Relaxed-Fit Cotton Shirt,https://www.westside.com/products/wes-casuals-dark-sage-relaxed-fit-cotton-shirt-301008419?variant=44347993030709
44127300550709,ETA Taupe Crinkle Textured Resort-Fit Cotton Shirt,https://www.westside.com/products/eta-taupe-crinkle-textured-resort-fit-cotton-shirt-300999250?variant=44127300550709
44130411905077,Nuon Black Checks Patterned Relaxed-Fit Cotton Shirt,https://www.westside.com/products/nuon-black-checks-patterned-relaxed-fit-cotton-shirt-300996704?variant=44130411905077
44383597690933,Nuon Sage Striped Relaxed-Fit Cotton-Blend Shirt,https://www.westside.com/products/nuon-sage-striped-relaxed-fit-cotton-blend-shirt-301015579?variant=44383597690933
44315265433653,Nuon Green Abstract Pattern Relaxed-Fit Cotton-Blend Shirt,https://www.westside.com/products/nuon-green-abstract-pattern-relaxed-fit-cotton-blend-shirt-301012474?variant=44315265433653
44312457969717,Nuon Green Striped Printed Relaxed-Fit Shirt,https://www.westside.com/products/nuon-green-striped-printed-relaxed-fit-shirt-301010208?variant=44312457969717
44294020923445,Nuon Sage Solid Slim-Fit Cotton-Blend Shirt,https://www.westside.com/products/nuon-sage-solid-slim-fit-cotton-blend-shirt-301010204?variant=44294020923445
44336315433013,ETA Off-White Aztec Printed Relaxed-Fit Cotton-Blend Shirt,https://www.westside.com/products/eta-off-white-aztec-printed-relaxed-fit-cotton-blend-shirt-301008657?variant=44336315433013
44317290758197,Ascot Sage Floral Printed Relaxed-Fit Shirt,https://www.westside.com/products/ascot-sage-floral-printed-relaxed-fit-shirt-301008403?variant=44317290758197
39857224908853,Ascot White Cotton Relaxed Fit Shirt,https://www.westside.com/products/ascot-white-cotton-relaxed-fit-shirt-300865629?variant=39857224908853
44404897349685,WES Casuals White Foliage Relaxed-Fit Cotton-Blend Shirt,https://www.westside.com/products/wes-casuals-white-foliage-relaxed-fit-cotton-blend-shirt-301015812?variant=44404897349685
44404895580213,WES Casuals Blue Striped Relaxed-Fit Cotton-Blend Shirt,https://www.westside.com/products/wes-casuals-blue-striped-relaxed-fit-cotton-blend-shirt-301013300?variant=44404895580213
44380879454261,WES Casuals Sage Striped Relaxed-Fit Cotton-Blend Shirt,https://www.westside.com/products/wes-casuals-sage-striped-relaxed-fit-cotton-blend-shirt-301013290?variant=44380879454261
44380878700597,WES Casuals Taupe Striped Relaxed-Fit Cotton-Blend Shirt,https://www.westside.com/products/wes-casuals-taupe-striped-relaxed-fit-cotton-blend-shirt-301013288?variant=44380878700597
42947060334645,Ascot Purple Plain Cotton Relaxed Fit Shirt,https://www.westside.com/products/ascot-purple-plain-cotton-relaxed-fit-shirt-300966384?variant=42947060334645
44151739908149,WES Casuals Dark Teal Plaid Relaxed-Fit Cotton Shirt,https://www.westside.com/products/wes-casuals-dark-teal-plaid-relaxed-fit-cotton-shirt-300991676?variant=44151739908149
44189586849845,Nuon Light Blue Geometric Relaxed-Fit Shirt,https://www.westside.com/products/nuon-light-blue-geometric-relaxed-fit-shirt-300990683?variant=44189586849845
44164133814325,ETA Teal Embroidered Relaxed-Fit Cotton Shirt,https://www.westside.com/products/eta-teal-embroidered-relaxed-fit-cotton-shirt-301001753?variant=44164133814325
44145132732469,WES Casuals Dusty Blue Corduroy Relaxed-Fit Cotton Shirt,https://www.westside.com/products/wes-casuals-dusty-blue-corduroy-relaxed-fit-cotton-shirt-300998060?variant=44145132732469
44197664882741,WES Casuals Light Blue Relaxed-Fit Cotton-Blend Shirt,https://www.westside.com/products/wes-casuals-light-blue-relaxed-fit-cotton-blend-shirt-301007486?variant=44197664882741
44217819758645,Ascot Light Blue Striped Relaxed-Fit Shirt,https://www.westside.com/products/ascot-light-blue-striped-relaxed-fit-shirt-301005851?variant=44217819758645
44404880212021,WES Casuals Blue Striped Relaxed-Fit Cotton-Blend Shirt,https://www.westside.com/products/wes-casuals-blue-striped-relaxed-fit-cotton-blend-shirt-301013266?variant=44404880212021
44404889714741,Nuon Light Blue Abstract Embroidered Relaxed-Fit Cotton Shirt,https://www.westside.com/products/nuon-light-blue-abstract-embroidered-relaxed-fit-cotton-shirt-301015586?variant=44404889714741
44404896792629,WES Casuals Dusty Blue Floral Relaxed-Fit Cotton Shirt,https://www.westside.com/products/wes-casuals-dusty-blue-floral-relaxed-fit-cotton-shirt-301015813?variant=44404896792629
42072563220533,Nuon Black Cotton Slim-Fit Shirt,https://www.westside.com/products/nuon-black-cotton-slim-fit-shirt-300925687?variant=42072563220533
44336319954997,Nuon Light Yellow Abstract Design Relaxed-Fit Shirt,https://www.westside.com/products/nuon-light-yellow-abstract-design-relaxed-fit-shirt-301012301?variant=44336319954997
44368736190517,WES Casuals Pink Floral Relaxed-Fit Cotton-Blend Shirt,https://www.westside.com/products/wes-casuals-pink-floral-relaxed-fit-cotton-blend-shirt-301013264?variant=44368736190517
44167392722997,Nuon Orange Abstract Printed Relaxed-Fit Shirt,https://www.westside.com/products/nuon-orange-abstract-printed-relaxed-fit-shirt-300994560?variant=44167392722997
44191132680245,Nuon Charcoal Checkered Design Relaxed-Fit Cotton Shirt,https://www.westside.com/products/nuon-charcoal-checkered-design-relaxed-fit-cotton-shirt-301003696?variant=44191132680245
44347988148277,WES Casuals Black Checkered Relaxed-Fit Cotton Shirt,https://www.westside.com/products/wes-casuals-black-checkered-relaxed-fit-cotton-shirt-301013293?variant=44347988148277
44347988508725,WES Casuals Light Blue Relaxed-Fit Cotton Shirt,https://www.westside.com/products/wes-casuals-light-blue-relaxed-fit-cotton-shirt-301010197?variant=44347988508725
